"file_name","file_path"
"GMPM_201M_4_1_ROXAS_Settings.txt","/Volumes/fe/dendro/Dendrosciences_All/PatrickFonti D CONSUS/Douglas Fir/1"
"GMPM_201M_4_2_ROXAS_Settings.txt","/Volumes/fe/dendro/Dendrosciences_All/PatrickFonti D CONSUS/Douglas Fir/1"
"GMPM_041M_1_1_ROXAS_Settings.txt","/Volumes/fe/dendro/Dendrosciences_All/PatrickFonti D CONSUS/Douglas Fir/Anne/GMPM_041M"
"GMPM_041M_1_2_ROXAS_Settings.txt","/Volumes/fe/dendro/Dendrosciences_All/PatrickFonti D CONSUS/Douglas Fir/Anne/GMPM_041M"
"GMPM_041M_1_3_ROXAS_Settings.txt","/Volumes/fe/dendro/Dendrosciences_All/PatrickFonti D CONSUS/Douglas Fir/Anne/GMPM_041M"
"GMPM_041M_10_1_ROXAS_Settings.txt","/Volumes/fe/dendro/Dendrosciences_All/PatrickFonti D CONSUS/Douglas Fir/Anne/GMPM_041M"
"GMPM_041M_10_2_ROXAS_Settings.txt","/Volumes/fe/dendro/Dendrosciences_All/PatrickFonti D CONSUS/Douglas Fir/Anne/GMPM_041M"
"GMPM_041M_10_3_ROXAS_Settings.txt","/Volumes/fe/dendro/Dendrosciences_All/PatrickFonti D CONSUS/Douglas Fir/Anne/GMPM_041M"
"GMPM_041M_11_1_ROXAS_Settings.txt","/Volumes/fe/dendro/Dendrosciences_All/PatrickFonti D CONSUS/Douglas Fir/Anne/GMPM_041M"
"GMPM_041M_11_2_ROXAS_Settings.txt","/Volumes/fe/dendro/Dendrosciences_All/PatrickFonti D CONSUS/Douglas Fir/Anne/GMPM_041M"
"GMPM_041M_11_3_ROXAS_Settings.txt","/Volumes/fe/dendro/Dendrosciences_All/PatrickFonti D CONSUS/Douglas Fir/Anne/GMPM_041M"
"GMPM_041M_12_1_ROXAS_Settings.txt","/Volumes/fe/dendro/Dendrosciences_All/PatrickFonti D CONSUS/Douglas Fir/Anne/GMPM_041M"
"GMPM_041M_12_2_ROXAS_Settings.txt","/Volumes/fe/dendro/Dendrosciences_All/PatrickFonti D CONSUS/Douglas Fir/Anne/GMPM_041M"
"GMPM_041M_12_3_ROXAS_Settings.txt","/Volumes/fe/dendro/Dendrosciences_All/PatrickFonti D CONSUS/Douglas Fir/Anne/GMPM_041M"
"GMPM_041M_13_1_ROXAS_Settings.txt","/Volumes/fe/dendro/Dendrosciences_All/PatrickFonti D CONSUS/Douglas Fir/Anne/GMPM_041M"
"GMPM_041M_13_2_ROXAS_Settings.txt","/Volumes/fe/dendro/Dendrosciences_All/PatrickFonti D CONSUS/Douglas Fir/Anne/GMPM_041M"
"GMPM_041M_13_3_ROXAS_Settings.txt","/Volumes/fe/dendro/Dendrosciences_All/PatrickFonti D CONSUS/Douglas Fir/Anne/GMPM_041M"
"GMPM_041M_2_1_ROXAS_Settings.txt","/Volumes/fe/dendro/Dendrosciences_All/PatrickFonti D CONSUS/Douglas Fir/Anne/GMPM_041M"
"GMPM_041M_2_2_ROXAS_Settings.txt","/Volumes/fe/dendro/Dendrosciences_All/PatrickFonti D CONSUS/Douglas Fir/Anne/GMPM_041M"
"GMPM_041M_2_3_ROXAS_Settings.txt","/Volumes/fe/dendro/Dendrosciences_All/PatrickFonti D CONSUS/Douglas Fir/Anne/GMPM_041M"
"GMPM_041M_2_4_ROXAS_Settings.txt","/Volumes/fe/dendro/Dendrosciences_All/PatrickFonti D CONSUS/Douglas Fir/Anne/GMPM_041M"
"GMPM_041M_3_1_ROXAS_Settings.txt","/Volumes/fe/dendro/Dendrosciences_All/PatrickFonti D CONSUS/Douglas Fir/Anne/GMPM_041M"
"GMPM_041M_3_2_ROXAS_Settings.txt","/Volumes/fe/dendro/Dendrosciences_All/PatrickFonti D CONSUS/Douglas Fir/Anne/GMPM_041M"
"GMPM_041M_3_3_ROXAS_Settings.txt","/Volumes/fe/dendro/Dendrosciences_All/PatrickFonti D CONSUS/Douglas Fir/Anne/GMPM_041M"
"GMPM_041M_4_1_ROXAS_Settings.txt","/Volumes/fe/dendro/Dendrosciences_All/PatrickFonti D CONSUS/Douglas Fir/Anne/GMPM_041M"
"GMPM_041M_4_2_ROXAS_Settings.txt","/Volumes/fe/dendro/Dendrosciences_All/PatrickFonti D CONSUS/Douglas Fir/Anne/GMPM_041M"
"GMPM_041M_4_3_ROXAS_Settings.txt","/Volumes/fe/dendro/Dendrosciences_All/PatrickFonti D CONSUS/Douglas Fir/Anne/GMPM_041M"
"GMPM_041M_5_1_ROXAS_Settings.txt","/Volumes/fe/dendro/Dendrosciences_All/PatrickFonti D CONSUS/Douglas Fir/Anne/GMPM_041M"
"GMPM_041M_5_2_ROXAS_Settings.txt","/Volumes/fe/dendro/Dendrosciences_All/PatrickFonti D CONSUS/Douglas Fir/Anne/GMPM_041M"
"GMPM_041M_5_3_ROXAS_Settings.txt","/Volumes/fe/dendro/Dendrosciences_All/PatrickFonti D CONSUS/Douglas Fir/Anne/GMPM_041M"
"GMPM_041M_6_1_ROXAS_Settings.txt","/Volumes/fe/dendro/Dendrosciences_All/PatrickFonti D CONSUS/Douglas Fir/Anne/GMPM_041M"
"GMPM_041M_6_2_ROXAS_Settings.txt","/Volumes/fe/dendro/Dendrosciences_All/PatrickFonti D CONSUS/Douglas Fir/Anne/GMPM_041M"
"GMPM_041M_6_3_ROXAS_Settings.txt","/Volumes/fe/dendro/Dendrosciences_All/PatrickFonti D CONSUS/Douglas Fir/Anne/GMPM_041M"
"GMPM_041M_7_1_ROXAS_Settings.txt","/Volumes/fe/dendro/Dendrosciences_All/PatrickFonti D CONSUS/Douglas Fir/Anne/GMPM_041M"
"GMPM_041M_7_2_ROXAS_Settings.txt","/Volumes/fe/dendro/Dendrosciences_All/PatrickFonti D CONSUS/Douglas Fir/Anne/GMPM_041M"
"GMPM_041M_7_3_ROXAS_Settings.txt","/Volumes/fe/dendro/Dendrosciences_All/PatrickFonti D CONSUS/Douglas Fir/Anne/GMPM_041M"
"GMPM_041M_8_1_ROXAS_Settings.txt","/Volumes/fe/dendro/Dendrosciences_All/PatrickFonti D CONSUS/Douglas Fir/Anne/GMPM_041M"
"GMPM_041M_8_2_ROXAS_Settings.txt","/Volumes/fe/dendro/Dendrosciences_All/PatrickFonti D CONSUS/Douglas Fir/Anne/GMPM_041M"
"GMPM_041M_8_3_ROXAS_Settings.txt","/Volumes/fe/dendro/Dendrosciences_All/PatrickFonti D CONSUS/Douglas Fir/Anne/GMPM_041M"
"GMPM_041M_9_1_ROXAS_Settings.txt","/Volumes/fe/dendro/Dendrosciences_All/PatrickFonti D CONSUS/Douglas Fir/Anne/GMPM_041M"
"GMPM_041M_9_2_ROXAS_Settings.txt","/Volumes/fe/dendro/Dendrosciences_All/PatrickFonti D CONSUS/Douglas Fir/Anne/GMPM_041M"
"GMPM_041M_9_3_ROXAS_Settings.txt","/Volumes/fe/dendro/Dendrosciences_All/PatrickFonti D CONSUS/Douglas Fir/Anne/GMPM_041M"
"GMPM_101M_1_1_ROXAS_Settings.txt","/Volumes/fe/dendro/Dendrosciences_All/PatrickFonti D CONSUS/Douglas Fir/Anne/GMPM_101M"
"GMPM_101M_1_2_ROXAS_Settings.txt","/Volumes/fe/dendro/Dendrosciences_All/PatrickFonti D CONSUS/Douglas Fir/Anne/GMPM_101M"
"GMPM_101M_1_3_ROXAS_Settings.txt","/Volumes/fe/dendro/Dendrosciences_All/PatrickFonti D CONSUS/Douglas Fir/Anne/GMPM_101M"
"GMPM_101M_10_1_ROXAS_Settings.txt","/Volumes/fe/dendro/Dendrosciences_All/PatrickFonti D CONSUS/Douglas Fir/Anne/GMPM_101M"
"GMPM_101M_10_2_ROXAS_Settings.txt","/Volumes/fe/dendro/Dendrosciences_All/PatrickFonti D CONSUS/Douglas Fir/Anne/GMPM_101M"
"GMPM_101M_10_3_ROXAS_Settings.txt","/Volumes/fe/dendro/Dendrosciences_All/PatrickFonti D CONSUS/Douglas Fir/Anne/GMPM_101M"
"GMPM_101M_11_1_ROXAS_Settings.txt","/Volumes/fe/dendro/Dendrosciences_All/PatrickFonti D CONSUS/Douglas Fir/Anne/GMPM_101M"
"GMPM_101M_11_2_ROXAS_Settings.txt","/Volumes/fe/dendro/Dendrosciences_All/PatrickFonti D CONSUS/Douglas Fir/Anne/GMPM_101M"
"GMPM_101M_11_3_ROXAS_Settings.txt","/Volumes/fe/dendro/Dendrosciences_All/PatrickFonti D CONSUS/Douglas Fir/Anne/GMPM_101M"
"GMPM_101M_11_4_ROXAS_Settings.txt","/Volumes/fe/dendro/Dendrosciences_All/PatrickFonti D CONSUS/Douglas Fir/Anne/GMPM_101M"
"GMPM_101M_11_5_ROXAS_Settings.txt","/Volumes/fe/dendro/Dendrosciences_All/PatrickFonti D CONSUS/Douglas Fir/Anne/GMPM_101M"
"GMPM_101M_12_1_ROXAS_Settings.txt","/Volumes/fe/dendro/Dendrosciences_All/PatrickFonti D CONSUS/Douglas Fir/Anne/GMPM_101M"
"GMPM_101M_12_2_ROXAS_Settings.txt","/Volumes/fe/dendro/Dendrosciences_All/PatrickFonti D CONSUS/Douglas Fir/Anne/GMPM_101M"
"GMPM_101M_12_3_ROXAS_Settings.txt","/Volumes/fe/dendro/Dendrosciences_All/PatrickFonti D CONSUS/Douglas Fir/Anne/GMPM_101M"
"GMPM_101M_12_4_ROXAS_Settings.txt","/Volumes/fe/dendro/Dendrosciences_All/PatrickFonti D CONSUS/Douglas Fir/Anne/GMPM_101M"
"GMPM_101M_13_1_ROXAS_Settings.txt","/Volumes/fe/dendro/Dendrosciences_All/PatrickFonti D CONSUS/Douglas Fir/Anne/GMPM_101M"
"GMPM_101M_13_2_ROXAS_Settings.txt","/Volumes/fe/dendro/Dendrosciences_All/PatrickFonti D CONSUS/Douglas Fir/Anne/GMPM_101M"
"GMPM_101M_13_3_ROXAS_Settings.txt","/Volumes/fe/dendro/Dendrosciences_All/PatrickFonti D CONSUS/Douglas Fir/Anne/GMPM_101M"
"GMPM_101M_14_1_ROXAS_Settings.txt","/Volumes/fe/dendro/Dendrosciences_All/PatrickFonti D CONSUS/Douglas Fir/Anne/GMPM_101M"
"GMPM_101M_14_2_ROXAS_Settings.txt","/Volumes/fe/dendro/Dendrosciences_All/PatrickFonti D CONSUS/Douglas Fir/Anne/GMPM_101M"
"GMPM_101M_14_3_ROXAS_Settings.txt","/Volumes/fe/dendro/Dendrosciences_All/PatrickFonti D CONSUS/Douglas Fir/Anne/GMPM_101M"
"GMPM_101M_2_1_ROXAS_Settings.txt","/Volumes/fe/dendro/Dendrosciences_All/PatrickFonti D CONSUS/Douglas Fir/Anne/GMPM_101M"
"GMPM_101M_2_2_ROXAS_Settings.txt","/Volumes/fe/dendro/Dendrosciences_All/PatrickFonti D CONSUS/Douglas Fir/Anne/GMPM_101M"
"GMPM_101M_2_3_ROXAS_Settings.txt","/Volumes/fe/dendro/Dendrosciences_All/PatrickFonti D CONSUS/Douglas Fir/Anne/GMPM_101M"
"GMPM_101M_3_1_ROXAS_Settings.txt","/Volumes/fe/dendro/Dendrosciences_All/PatrickFonti D CONSUS/Douglas Fir/Anne/GMPM_101M"
"GMPM_101M_3_2_ROXAS_Settings.txt","/Volumes/fe/dendro/Dendrosciences_All/PatrickFonti D CONSUS/Douglas Fir/Anne/GMPM_101M"
"GMPM_101M_3_3_ROXAS_Settings.txt","/Volumes/fe/dendro/Dendrosciences_All/PatrickFonti D CONSUS/Douglas Fir/Anne/GMPM_101M"
"GMPM_101M_3_4_ROXAS_Settings.txt","/Volumes/fe/dendro/Dendrosciences_All/PatrickFonti D CONSUS/Douglas Fir/Anne/GMPM_101M"
"GMPM_101M_4_1_ROXAS_Settings.txt","/Volumes/fe/dendro/Dendrosciences_All/PatrickFonti D CONSUS/Douglas Fir/Anne/GMPM_101M"
"GMPM_101M_4_2_ROXAS_Settings.txt","/Volumes/fe/dendro/Dendrosciences_All/PatrickFonti D CONSUS/Douglas Fir/Anne/GMPM_101M"
"GMPM_101M_4_3_ROXAS_Settings.txt","/Volumes/fe/dendro/Dendrosciences_All/PatrickFonti D CONSUS/Douglas Fir/Anne/GMPM_101M"
"GMPM_101M_5_1_ROXAS_Settings.txt","/Volumes/fe/dendro/Dendrosciences_All/PatrickFonti D CONSUS/Douglas Fir/Anne/GMPM_101M"
"GMPM_101M_5_2_ROXAS_Settings.txt","/Volumes/fe/dendro/Dendrosciences_All/PatrickFonti D CONSUS/Douglas Fir/Anne/GMPM_101M"
"GMPM_101M_5_3_ROXAS_Settings.txt","/Volumes/fe/dendro/Dendrosciences_All/PatrickFonti D CONSUS/Douglas Fir/Anne/GMPM_101M"
"GMPM_101M_6_1_ROXAS_Settings.txt","/Volumes/fe/dendro/Dendrosciences_All/PatrickFonti D CONSUS/Douglas Fir/Anne/GMPM_101M"
"GMPM_101M_6_2_ROXAS_Settings.txt","/Volumes/fe/dendro/Dendrosciences_All/PatrickFonti D CONSUS/Douglas Fir/Anne/GMPM_101M"
"GMPM_101M_6_3_ROXAS_Settings.txt","/Volumes/fe/dendro/Dendrosciences_All/PatrickFonti D CONSUS/Douglas Fir/Anne/GMPM_101M"
"GMPM_101M_7_1_ROXAS_Settings.txt","/Volumes/fe/dendro/Dendrosciences_All/PatrickFonti D CONSUS/Douglas Fir/Anne/GMPM_101M"
"GMPM_101M_7_2_ROXAS_Settings.txt","/Volumes/fe/dendro/Dendrosciences_All/PatrickFonti D CONSUS/Douglas Fir/Anne/GMPM_101M"
"GMPM_101M_8_1_ROXAS_Settings.txt","/Volumes/fe/dendro/Dendrosciences_All/PatrickFonti D CONSUS/Douglas Fir/Anne/GMPM_101M"
"GMPM_101M_8_2_ROXAS_Settings.txt","/Volumes/fe/dendro/Dendrosciences_All/PatrickFonti D CONSUS/Douglas Fir/Anne/GMPM_101M"
"GMPM_101M_8_3_ROXAS_Settings.txt","/Volumes/fe/dendro/Dendrosciences_All/PatrickFonti D CONSUS/Douglas Fir/Anne/GMPM_101M"
"GMPM_101M_9_1_ROXAS_Settings.txt","/Volumes/fe/dendro/Dendrosciences_All/PatrickFonti D CONSUS/Douglas Fir/Anne/GMPM_101M"
"GMPM_101M_9_2_ROXAS_Settings.txt","/Volumes/fe/dendro/Dendrosciences_All/PatrickFonti D CONSUS/Douglas Fir/Anne/GMPM_101M"
"GMPM_101M_9_3_ROXAS_Settings.txt","/Volumes/fe/dendro/Dendrosciences_All/PatrickFonti D CONSUS/Douglas Fir/Anne/GMPM_101M"
"GMPM_101M_9_4_ROXAS_Settings.txt","/Volumes/fe/dendro/Dendrosciences_All/PatrickFonti D CONSUS/Douglas Fir/Anne/GMPM_101M"
"GMPM_061M_1_1_ROXAS_Settings.txt","/Volumes/fe/dendro/Dendrosciences_All/PatrickFonti D CONSUS/Douglas Fir/GMPM_061M"
"GMPM_061M_1_2_ROXAS_Settings.txt","/Volumes/fe/dendro/Dendrosciences_All/PatrickFonti D CONSUS/Douglas Fir/GMPM_061M"
"GMPM_061M_1_3_ROXAS_Settings.txt","/Volumes/fe/dendro/Dendrosciences_All/PatrickFonti D CONSUS/Douglas Fir/GMPM_061M"
"GMPM_061M_10_1_ROXAS_Settings.txt","/Volumes/fe/dendro/Dendrosciences_All/PatrickFonti D CONSUS/Douglas Fir/GMPM_061M"
"GMPM_061M_10_2_ROXAS_Settings.txt","/Volumes/fe/dendro/Dendrosciences_All/PatrickFonti D CONSUS/Douglas Fir/GMPM_061M"
"GMPM_061M_10_3_ROXAS_Settings.txt","/Volumes/fe/dendro/Dendrosciences_All/PatrickFonti D CONSUS/Douglas Fir/GMPM_061M"
"GMPM_061M_11_1_ROXAS_Settings.txt","/Volumes/fe/dendro/Dendrosciences_All/PatrickFonti D CONSUS/Douglas Fir/GMPM_061M"
"GMPM_061M_11_2_ROXAS_Settings.txt","/Volumes/fe/dendro/Dendrosciences_All/PatrickFonti D CONSUS/Douglas Fir/GMPM_061M"
"GMPM_061M_11_3_ROXAS_Settings.txt","/Volumes/fe/dendro/Dendrosciences_All/PatrickFonti D CONSUS/Douglas Fir/GMPM_061M"
"GMPM_061M_12_1_ROXAS_Settings.txt","/Volumes/fe/dendro/Dendrosciences_All/PatrickFonti D CONSUS/Douglas Fir/GMPM_061M"
"GMPM_061M_12_2_ROXAS_Settings.txt","/Volumes/fe/dendro/Dendrosciences_All/PatrickFonti D CONSUS/Douglas Fir/GMPM_061M"
"GMPM_061M_12_3_ROXAS_Settings.txt","/Volumes/fe/dendro/Dendrosciences_All/PatrickFonti D CONSUS/Douglas Fir/GMPM_061M"
"GMPM_061M_13_1_ROXAS_Settings.txt","/Volumes/fe/dendro/Dendrosciences_All/PatrickFonti D CONSUS/Douglas Fir/GMPM_061M"
"GMPM_061M_13_2_ROXAS_Settings.txt","/Volumes/fe/dendro/Dendrosciences_All/PatrickFonti D CONSUS/Douglas Fir/GMPM_061M"
"GMPM_061M_13_3_ROXAS_Settings.txt","/Volumes/fe/dendro/Dendrosciences_All/PatrickFonti D CONSUS/Douglas Fir/GMPM_061M"
"GMPM_061M_14_1_ROXAS_Settings.txt","/Volumes/fe/dendro/Dendrosciences_All/PatrickFonti D CONSUS/Douglas Fir/GMPM_061M"
"GMPM_061M_14_2_ROXAS_Settings.txt","/Volumes/fe/dendro/Dendrosciences_All/PatrickFonti D CONSUS/Douglas Fir/GMPM_061M"
"GMPM_061M_14_3_ROXAS_Settings.txt","/Volumes/fe/dendro/Dendrosciences_All/PatrickFonti D CONSUS/Douglas Fir/GMPM_061M"
"GMPM_061M_15_1_ROXAS_Settings.txt","/Volumes/fe/dendro/Dendrosciences_All/PatrickFonti D CONSUS/Douglas Fir/GMPM_061M"
"GMPM_061M_15_2_ROXAS_Settings.txt","/Volumes/fe/dendro/Dendrosciences_All/PatrickFonti D CONSUS/Douglas Fir/GMPM_061M"
"GMPM_061M_15_3_ROXAS_Settings.txt","/Volumes/fe/dendro/Dendrosciences_All/PatrickFonti D CONSUS/Douglas Fir/GMPM_061M"
"GMPM_061M_2_1_ROXAS_Settings.txt","/Volumes/fe/dendro/Dendrosciences_All/PatrickFonti D CONSUS/Douglas Fir/GMPM_061M"
"GMPM_061M_2_2_ROXAS_Settings.txt","/Volumes/fe/dendro/Dendrosciences_All/PatrickFonti D CONSUS/Douglas Fir/GMPM_061M"
"GMPM_061M_2_3_ROXAS_Settings.txt","/Volumes/fe/dendro/Dendrosciences_All/PatrickFonti D CONSUS/Douglas Fir/GMPM_061M"
"GMPM_061M_3_1_ROXAS_Settings.txt","/Volumes/fe/dendro/Dendrosciences_All/PatrickFonti D CONSUS/Douglas Fir/GMPM_061M"
"GMPM_061M_3_2_ROXAS_Settings.txt","/Volumes/fe/dendro/Dendrosciences_All/PatrickFonti D CONSUS/Douglas Fir/GMPM_061M"
"GMPM_061M_3_3_ROXAS_Settings.txt","/Volumes/fe/dendro/Dendrosciences_All/PatrickFonti D CONSUS/Douglas Fir/GMPM_061M"
"GMPM_061M_4_1_ROXAS_Settings.txt","/Volumes/fe/dendro/Dendrosciences_All/PatrickFonti D CONSUS/Douglas Fir/GMPM_061M"
"GMPM_061M_4_2_ROXAS_Settings.txt","/Volumes/fe/dendro/Dendrosciences_All/PatrickFonti D CONSUS/Douglas Fir/GMPM_061M"
"GMPM_061M_4_3_ROXAS_Settings.txt","/Volumes/fe/dendro/Dendrosciences_All/PatrickFonti D CONSUS/Douglas Fir/GMPM_061M"
"GMPM_061M_5_1_ROXAS_Settings.txt","/Volumes/fe/dendro/Dendrosciences_All/PatrickFonti D CONSUS/Douglas Fir/GMPM_061M"
"GMPM_061M_5_2_ROXAS_Settings.txt","/Volumes/fe/dendro/Dendrosciences_All/PatrickFonti D CONSUS/Douglas Fir/GMPM_061M"
"GMPM_061M_5_3_ROXAS_Settings.txt","/Volumes/fe/dendro/Dendrosciences_All/PatrickFonti D CONSUS/Douglas Fir/GMPM_061M"
"GMPM_061M_6_1_ROXAS_Settings.txt","/Volumes/fe/dendro/Dendrosciences_All/PatrickFonti D CONSUS/Douglas Fir/GMPM_061M"
"GMPM_061M_6_2_ROXAS_Settings.txt","/Volumes/fe/dendro/Dendrosciences_All/PatrickFonti D CONSUS/Douglas Fir/GMPM_061M"
"GMPM_061M_6_3_ROXAS_Settings.txt","/Volumes/fe/dendro/Dendrosciences_All/PatrickFonti D CONSUS/Douglas Fir/GMPM_061M"
"GMPM_061M_7_1_ROXAS_Settings.txt","/Volumes/fe/dendro/Dendrosciences_All/PatrickFonti D CONSUS/Douglas Fir/GMPM_061M"
"GMPM_061M_7_2_ROXAS_Settings.txt","/Volumes/fe/dendro/Dendrosciences_All/PatrickFonti D CONSUS/Douglas Fir/GMPM_061M"
"GMPM_061M_7_3_ROXAS_Settings.txt","/Volumes/fe/dendro/Dendrosciences_All/PatrickFonti D CONSUS/Douglas Fir/GMPM_061M"
"GMPM_061M_8_1_ROXAS_Settings.txt","/Volumes/fe/dendro/Dendrosciences_All/PatrickFonti D CONSUS/Douglas Fir/GMPM_061M"
"GMPM_061M_8_2_ROXAS_Settings.txt","/Volumes/fe/dendro/Dendrosciences_All/PatrickFonti D CONSUS/Douglas Fir/GMPM_061M"
"GMPM_061M_8_3_ROXAS_Settings.txt","/Volumes/fe/dendro/Dendrosciences_All/PatrickFonti D CONSUS/Douglas Fir/GMPM_061M"
"GMPM_061M_9_1_ROXAS_Settings.txt","/Volumes/fe/dendro/Dendrosciences_All/PatrickFonti D CONSUS/Douglas Fir/GMPM_061M"
"GMPM_061M_9_2_ROXAS_Settings.txt","/Volumes/fe/dendro/Dendrosciences_All/PatrickFonti D CONSUS/Douglas Fir/GMPM_061M"
"GMPM_061M_9_3_ROXAS_Settings.txt","/Volumes/fe/dendro/Dendrosciences_All/PatrickFonti D CONSUS/Douglas Fir/GMPM_061M"
"GMPM_061Mo_1_1_ROXAS_Settings.txt","/Volumes/fe/dendro/Dendrosciences_All/PatrickFonti D CONSUS/Douglas Fir/GMPM_061Mo"
"GMPM_061Mo_1_2_ROXAS_Settings.txt","/Volumes/fe/dendro/Dendrosciences_All/PatrickFonti D CONSUS/Douglas Fir/GMPM_061Mo"
"GMPM_061Mo_1_3_ROXAS_Settings.txt","/Volumes/fe/dendro/Dendrosciences_All/PatrickFonti D CONSUS/Douglas Fir/GMPM_061Mo"
"GMPM_061Mo_10_1_ROXAS_Settings.txt","/Volumes/fe/dendro/Dendrosciences_All/PatrickFonti D CONSUS/Douglas Fir/GMPM_061Mo"
"GMPM_061Mo_10_2_ROXAS_Settings.txt","/Volumes/fe/dendro/Dendrosciences_All/PatrickFonti D CONSUS/Douglas Fir/GMPM_061Mo"
"GMPM_061Mo_10_3_ROXAS_Settings.txt","/Volumes/fe/dendro/Dendrosciences_All/PatrickFonti D CONSUS/Douglas Fir/GMPM_061Mo"
"GMPM_061Mo_10_4_ROXAS_Settings.txt","/Volumes/fe/dendro/Dendrosciences_All/PatrickFonti D CONSUS/Douglas Fir/GMPM_061Mo"
"GMPM_061Mo_10_5_ROXAS_Settings.txt","/Volumes/fe/dendro/Dendrosciences_All/PatrickFonti D CONSUS/Douglas Fir/GMPM_061Mo"
"GMPM_061Mo_11_1_ROXAS_Settings.txt","/Volumes/fe/dendro/Dendrosciences_All/PatrickFonti D CONSUS/Douglas Fir/GMPM_061Mo"
"GMPM_061Mo_11_2_ROXAS_Settings.txt","/Volumes/fe/dendro/Dendrosciences_All/PatrickFonti D CONSUS/Douglas Fir/GMPM_061Mo"
"GMPM_061Mo_11_3_ROXAS_Settings.txt","/Volumes/fe/dendro/Dendrosciences_All/PatrickFonti D CONSUS/Douglas Fir/GMPM_061Mo"
"GMPM_061Mo_2_1_ROXAS_Settings.txt","/Volumes/fe/dendro/Dendrosciences_All/PatrickFonti D CONSUS/Douglas Fir/GMPM_061Mo"
"GMPM_061Mo_2_2_ROXAS_Settings.txt","/Volumes/fe/dendro/Dendrosciences_All/PatrickFonti D CONSUS/Douglas Fir/GMPM_061Mo"
"GMPM_061Mo_2_3_ROXAS_Settings.txt","/Volumes/fe/dendro/Dendrosciences_All/PatrickFonti D CONSUS/Douglas Fir/GMPM_061Mo"
"GMPM_061Mo_3_1_ROXAS_Settings.txt","/Volumes/fe/dendro/Dendrosciences_All/PatrickFonti D CONSUS/Douglas Fir/GMPM_061Mo"
"GMPM_061Mo_3_2_ROXAS_Settings.txt","/Volumes/fe/dendro/Dendrosciences_All/PatrickFonti D CONSUS/Douglas Fir/GMPM_061Mo"
"GMPM_061Mo_3_3_ROXAS_Settings.txt","/Volumes/fe/dendro/Dendrosciences_All/PatrickFonti D CONSUS/Douglas Fir/GMPM_061Mo"
"GMPM_061Mo_4_1_ROXAS_Settings.txt","/Volumes/fe/dendro/Dendrosciences_All/PatrickFonti D CONSUS/Douglas Fir/GMPM_061Mo"
"GMPM_061Mo_4_2_ROXAS_Settings.txt","/Volumes/fe/dendro/Dendrosciences_All/PatrickFonti D CONSUS/Douglas Fir/GMPM_061Mo"
"GMPM_061Mo_4_3_ROXAS_Settings.txt","/Volumes/fe/dendro/Dendrosciences_All/PatrickFonti D CONSUS/Douglas Fir/GMPM_061Mo"
"GMPM_061Mo_5_1_ROXAS_Settings.txt","/Volumes/fe/dendro/Dendrosciences_All/PatrickFonti D CONSUS/Douglas Fir/GMPM_061Mo"
"GMPM_061Mo_5_2_ROXAS_Settings.txt","/Volumes/fe/dendro/Dendrosciences_All/PatrickFonti D CONSUS/Douglas Fir/GMPM_061Mo"
"GMPM_061Mo_5_3_ROXAS_Settings.txt","/Volumes/fe/dendro/Dendrosciences_All/PatrickFonti D CONSUS/Douglas Fir/GMPM_061Mo"
"GMPM_061Mo_6_1_ROXAS_Settings.txt","/Volumes/fe/dendro/Dendrosciences_All/PatrickFonti D CONSUS/Douglas Fir/GMPM_061Mo"
"GMPM_061Mo_6_2_ROXAS_Settings.txt","/Volumes/fe/dendro/Dendrosciences_All/PatrickFonti D CONSUS/Douglas Fir/GMPM_061Mo"
"GMPM_061Mo_6_3_ROXAS_Settings.txt","/Volumes/fe/dendro/Dendrosciences_All/PatrickFonti D CONSUS/Douglas Fir/GMPM_061Mo"
"GMPM_061Mo_7_1_ROXAS_Settings.txt","/Volumes/fe/dendro/Dendrosciences_All/PatrickFonti D CONSUS/Douglas Fir/GMPM_061Mo"
"GMPM_061Mo_7_2_ROXAS_Settings.txt","/Volumes/fe/dendro/Dendrosciences_All/PatrickFonti D CONSUS/Douglas Fir/GMPM_061Mo"
"GMPM_061Mo_7_3_ROXAS_Settings.txt","/Volumes/fe/dendro/Dendrosciences_All/PatrickFonti D CONSUS/Douglas Fir/GMPM_061Mo"
"GMPM_061Mo_8_1_ROXAS_Settings.txt","/Volumes/fe/dendro/Dendrosciences_All/PatrickFonti D CONSUS/Douglas Fir/GMPM_061Mo"
"GMPM_061Mo_8_2_ROXAS_Settings.txt","/Volumes/fe/dendro/Dendrosciences_All/PatrickFonti D CONSUS/Douglas Fir/GMPM_061Mo"
"GMPM_061Mo_8_3_ROXAS_Settings.txt","/Volumes/fe/dendro/Dendrosciences_All/PatrickFonti D CONSUS/Douglas Fir/GMPM_061Mo"
"GMPM_061Mo_9_1_ROXAS_Settings.txt","/Volumes/fe/dendro/Dendrosciences_All/PatrickFonti D CONSUS/Douglas Fir/GMPM_061Mo"
"GMPM_061Mo_9_2_ROXAS_Settings.txt","/Volumes/fe/dendro/Dendrosciences_All/PatrickFonti D CONSUS/Douglas Fir/GMPM_061Mo"
"GMPM_061Mo_9_3_ROXAS_Settings.txt","/Volumes/fe/dendro/Dendrosciences_All/PatrickFonti D CONSUS/Douglas Fir/GMPM_061Mo"
